panel,x,quantity,value
reuse,1,replacement_risk_units,1.0
reuse,1,accumulation_risk_units,1.0
reuse,2,replacement_risk_units,2.0
reuse,2,accumulation_risk_units,1.25
reuse,3,replacement_risk_units,3.0
reuse,3,accumulation_risk_units,1.3611111111111112
reuse,4,replacement_risk_units,4.0
reuse,4,accumulation_risk_units,1.4236111111111112
reuse,5,replacement_risk_units,5.0
reuse,5,accumulation_risk_units,1.4636111111111112
reuse,6,replacement_risk_units,6.0
reuse,6,accumulation_risk_units,1.4913888888888889
reuse,7,replacement_risk_units,7.0
reuse,7,accumulation_risk_units,1.511797052154195
reuse,8,replacement_risk_units,8.0
reuse,8,accumulation_risk_units,1.527422052154195
reuse,9,replacement_risk_units,9.0
reuse,9,accumulation_risk_units,1.5397677311665408
reuse,10,replacement_risk_units,10.0
reuse,10,accumulation_risk_units,1.5497677311665408
reuse,11,replacement_risk_units,11.0
reuse,11,accumulation_risk_units,1.558032193976458
reuse,12,replacement_risk_units,12.0
reuse,12,accumulation_risk_units,1.5649766384209025
reuse,13,replacement_risk_units,13.0
reuse,13,accumulation_risk_units,1.5708937981842162
reuse,14,replacement_risk_units,14.0
reuse,14,accumulation_risk_units,1.5759958390005426
reuse,15,replacement_risk_units,15.0
reuse,15,accumulation_risk_units,1.580440283444987
reuse,16,replacement_risk_units,16.0
reuse,16,accumulation_risk_units,1.584346533444987
reuse,17,replacement_risk_units,17.0
reuse,17,accumulation_risk_units,1.587806741057444
reuse,18,replacement_risk_units,18.0
reuse,18,accumulation_risk_units,1.5908931608105303
reuse,19,replacement_risk_units,19.0
reuse,19,accumulation_risk_units,1.5936632439130234
reuse,20,replacement_risk_units,20.0
reuse,20,accumulation_risk_units,1.5961632439130233
verification,0,population_mean,0.9
verification,1,population_mean,0.25173269048519487
verification,2,population_mean,0.07304819215138114
verification,3,population_mean,0.021260332912297803
verification,4,population_mean,0.006189272675934298
verification,5,population_mean,0.0018018490474112335
verification,6,population_mean,0.0005245633871769594
verification,7,population_mean,0.0001527135636468424
verification,8,population_mean,4.4458750636510605e-05
