analytic_risk,analytic_se,difference,difference_se,empirical_pretext_loss,fitted_head_risk,fitted_head_se,labels,missed_task_direction,population_pretext_excess,pretraining_pairs,representation
0.171612850669761,0.0033903429610084804,0.0017223960396030448,0.004667088741591639,0.21596984947907444,0.17333524670936407,0.0059086699686364845,10,0.0779211060764808,0.1472881093578347,16,learned
0.9228969847945789,0.012452677015212002,-0.0055154174555478875,0.013282728791630772,,0.9173815673390311,0.018258716501613453,10,,,16,random
0.07142857142857141,5.670310377108279e-19,-0.0024044421429510452,0.0031925348474050657,,0.06902412928562039,0.0031925348474050657,10,,,16,oracle
0.5,0.0,0.030439006118456385,0.02853710687863494,,0.5304390061184564,0.02853710687863494,10,,,16,raw
0.08468236599558347,0.002691303175233536,-0.0005796362068883812,0.0002482746025107513,0.21596984947907444,0.0841027297886951,0.002693201998779834,100,0.0779211060764808,0.1472881093578347,16,learned
0.6810625549400267,0.009885114744034269,-0.001021869016587581,0.0007099061470905848,,0.680040685923439,0.009857653645517559,100,,,16,random
0.005154639175257733,3.543943985692674e-20,-0.00040203401077461954,0.00019026817708551333,,0.004752605164483112,0.00019026817708551333,100,,,16,oracle
0.016129032258064512,1.4175775942770697e-19,-0.00026347877492737237,0.0003697298263671536,,0.015865553483137146,0.0003697298263671536,100,,,16,raw
0.08929728795101534,0.0005298981164091616,-0.0019020632492626488,0.003664402323840114,0.27558117976329316,0.08739522470175269,0.0036660486552844533,10,0.013897890628567486,0.02472902211489173,64,learned
0.9400723724394724,0.012369703990025833,0.03824989929018504,0.020778910441612567,,0.9783222717296576,0.024486020246176198,10,,,64,random
0.07142857142857141,5.670310377108279e-19,-0.0010291667055245379,0.0035049989037795764,,0.0703994047230469,0.0035049989037795764,10,,,64,oracle
0.5,0.0,0.03105828795405401,0.02498842089658464,,0.5310582879540541,0.02498842089658464,10,,,64,raw
0.019339084249775065,0.0004206407728196438,-0.00019155705205963885,0.00022037142275028833,0.27558117976329316,0.019147527197715425,0.0004860669236263974,100,0.013897890628567486,0.02472902211489173,64,learned
0.6946966255447359,0.009819249559092672,0.0002448789029894245,0.0008261326981482025,,0.6949415044477253,0.009894719572088557,100,,,64,random
0.005154639175257733,3.543943985692674e-20,-7.769664088908293e-05,0.00021138962780691082,,0.005076942534368648,0.00021138962780691082,100,,,64,oracle
0.016129032258064512,1.4175775942770697e-19,-3.95698312690268e-05,0.000391828253852416,,0.01608946242679549,0.0003918282538524161,100,,,64,raw
0.07573756719410601,0.0001250738984425747,0.006759724868136914,0.004126458987388718,0.2952456732961984,0.08249729206224292,0.0041204678174400185,10,0.003351441150971337,0.005605481524743416,256,learned
0.9344630007661044,0.012321461315628307,-0.006765062412881928,0.01457703141252244,,0.9276979383532223,0.019443571535501955,10,,,256,random
0.07142857142857141,5.670310377108279e-19,0.0065330692750281754,0.004038536541943518,,0.0779616407035996,0.004038536541943518,10,,,256,oracle
0.5,0.0,-0.04861990037889334,0.020204998131921854,,0.4513800996211067,0.020204998131921854,10,,,256,raw
0.00857518220563054,9.928546577400257e-05,0.0002861656227452987,0.00022072547649961606,0.2952456732961984,0.008861347828375837,0.00024673116981110944,100,0.003351441150971337,0.005605481524743416,256,learned
0.6902438253504127,0.009780953827869893,0.0013557079341883235,0.0009143982569277504,,0.691599533284601,0.009847014373198536,100,,,256,random
0.005154639175257733,3.543943985692674e-20,0.00033202366493342703,0.00022167194979210908,,0.005486662840191158,0.00022167194979210903,100,,,256,oracle
0.016129032258064512,1.4175775942770697e-19,0.00044623451870061154,0.0003846867204065351,,0.016575266776765126,0.0003846867204065351,100,,,256,raw
0.07252053664764391,3.383497972214598e-05,-3.72887520065851e-05,0.003633523050481335,0.2986597420616693,0.07248324789563731,0.003631487502443268,10,0.0008493062815008112,0.0013792399939198394,1024,learned
0.9419073337609939,0.012160952696416783,0.002104481667999494,0.017635515295243893,,0.9440118154289932,0.02200174665286478,10,,,1024,random
0.07142857142857141,5.670310377108279e-19,-0.00012421365703034351,0.003604057410551593,,0.07130435777154108,0.003604057410551593,10,,,1024,oracle
0.5,0.0,-0.0089856877144944,0.031115734661285532,,0.4910143122855056,0.031115734661285536,10,,,1024,raw
0.006021456926480209,2.6858695243352993e-05,-0.00011614177676497657,0.00021325526714619696,0.2986597420616693,0.005905315149715233,0.00021424032404224124,100,0.0008493062815008112,0.0013792399939198394,1024,learned
0.6961532443257373,0.00965353976932054,0.00019096500026960544,0.0008705510187945299,,0.6963442093260069,0.009732055604596185,100,,,1024,random
0.005154639175257733,3.543943985692674e-20,-6.240011980725197e-05,0.00021455529755247415,,0.005092239055450479,0.00021455529755247415,100,,,1024,oracle
0.016129032258064512,1.4175775942770697e-19,0.0003210871685713067,0.0003924251253048608,,0.016450119426635823,0.0003924251253048608,100,,,1024,raw
0.07168250049839979,7.696117796463892e-06,0.0023243463062433373,0.004054148631790232,0.29952537200417967,0.07400684680464312,0.004053361200874055,10,0.00019750038764427345,0.0003451670058605094,4096,learned
0.928634266806253,0.012372188552863863,0.004030892730836244,0.013170007004604621,,0.9326651595370893,0.0186328544445627,10,,,4096,random
0.07142857142857141,5.670310377108279e-19,0.002756447457787529,0.004102877958556628,,0.07418501888635895,0.004102877958556628,10,,,4096,oracle
0.5,0.0,0.014579139398570865,0.035095529095715755,,0.5145791393985708,0.035095529095715755,10,,,4096,raw
0.005356211735843125,6.109289384821833e-06,0.00015606383168410075,0.00021769381607980652,0.29952537200417967,0.005512275567527225,0.0002183448221788557,100,0.00019750038764427345,0.0003451670058605094,4096,learned
0.6856168922070255,0.00982122184093317,-0.00010992712245228419,0.0007614746581360921,,0.6855069650845733,0.009826654366157867,100,,,4096,random
0.005154639175257733,3.543943985692674e-20,0.00013480639260285342,0.00021692926009045477,,0.005289445567860585,0.00021692926009045477,100,,,4096,oracle
0.016129032258064512,1.4175775942770697e-19,0.0002140959810060004,0.0004019935690762614,,0.016343128239070515,0.0004019935690762614,100,,,4096,raw
